"author","title","link"
"R' Chaim Eisenstein","Nesivos Shalom Zos HaBracha (with Rabbi Jonathan Cohen)","https://www.torahanytime.com/lectures/398815"
"R' Zvi Zimmerman","Parashat V'Zot Haberacha: Last but not Least","https://www.torahanytime.com/lectures/398747"
"R' Elazar Meisels","Seforno Gems: The Joys of Eretz Yisroel","https://www.torahanytime.com/lectures/398312"
"R' Shaul Aryeh Rosenberg","Chumash And Rashi Explained: Parshas V'zos Habracha Part 7","https://www.torahanytime.com/lectures/386620"
"R' Shaul Aryeh Rosenberg","Chumash And Rashi Explained: Parshas V'zos Habracha Part 5","https://www.torahanytime.com/lectures/386617"
"R' Eytan Feiner","This is How the Chumash Ends?!","https://www.torahanytime.com/lectures/398319"
"R' Shlomo Farhi","Vzot Haberacha - Special Man","https://www.torahanytime.com/lectures/398308"
"R' Shaul Aryeh Rosenberg","Chumash And Rashi Explained: Parshas V'zos Habracha Part 4","https://www.torahanytime.com/lectures/386616"
"R' Shaul Aryeh Rosenberg","Chumash And Rashi Explained: Parshas V'zos Habracha Part 3","https://www.torahanytime.com/lectures/386615"
"R' Shaul Aryeh Rosenberg","Chumash And Rashi Explained: Parshas V'zos Habracha Part 2","https://www.torahanytime.com/lectures/386614"
"R' Shaul Aryeh Rosenberg","Chumash And Rashi Explained: Parshas V'zos Habracha Part 1","https://www.torahanytime.com/lectures/386613"
"R' Ahron Lopiansky","Parashat V'Zot Haberacha: Elokai Kedem, Primacy of Hashem","https://www.torahanytime.com/lectures/395804"
"R' Ariel Mizrahi","Honoring the Past, Shaping the Future","https://www.torahanytime.com/lectures/328380"
"R' Ariel Mizrahi","Being Kind with your Kind","https://www.torahanytime.com/lectures/328223"
"R' Shraga Kallus","Parshas V'zos Haberacha ​- Physical Eyes and Spiritual Eyes","https://www.torahanytime.com/lectures/328141"
"R' Mashiach Kelaty","Parashat Vezot Haberacha - In The Eye Of The Storm","https://www.torahanytime.com/lectures/327941"
"R' Elazar Meisels","Seforno Gems: The Incomparable Nevuah of Moshe Rabbenu","https://www.torahanytime.com/lectures/325803"
"R' Nosson Nussbaum","Parsha: VZos HaBrachah","https://www.torahanytime.com/lectures/327091"
"R' David Bassous","The Death of Moses from the Midrash Part 1","https://www.torahanytime.com/lectures/327782"
"R' Dovid Eisenberg","It's not that easy to really forgive!","https://www.torahanytime.com/lectures/327658"
"R' Eytan Feiner","The Life of the Ultimate ""Eved Hashem"" Comes to a Close","https://www.torahanytime.com/lectures/327350"
"R' Eytan Feiner","V'Zot Haberacha: The Torah's Powerful Departing Message","https://www.torahanytime.com/lectures/327149"
"R' Yosef Greenwald","הופיע מהר פארן-How the Malchus of Chodesh Tishrei Neutralizes the Koach of Yishmael","https://www.torahanytime.com/lectures/327124"
"R' Zvi Zimmerman","Parashat V'zot Haberacha: Forever Young!","https://www.torahanytime.com/lectures/326827"
"R' Mordechai Aderet","Parashat V'Zot Haberacha 2024 (Nullifying Jealousy in Yom Kippur)","https://www.torahanytime.com/lectures/326750"
"R' Dovid Kaplan","Head and Shoulders - Vezos Haberachah","https://www.torahanytime.com/lectures/326613"
"R' Yisroel Apelbaum","The secret to a successfull year - Be humble.","https://www.torahanytime.com/lectures/326404"
"R' Dovid Kaplan","The Robber Cop - Vezos Haberachah","https://www.torahanytime.com/lectures/326396"
"R' Dovid Kaplan","Unintentional Effects - Vezos Haberacha","https://www.torahanytime.com/lectures/326119"
"R' Dovid Kaplan","Moshe’s Beracha - Vezos Haberachah","https://www.torahanytime.com/lectures/326116"
"R' Eytan Feiner","The Simcha of the Chazon Ish & Birchos HaTorah","https://www.torahanytime.com/lectures/326035"
"R' Daniel Glatstein","Pninei Maggid Harakiah - Original Insights on Parshas Vzos Haberacha","https://www.torahanytime.com/lectures/258814"
"R' Eliyahu Maksumov","Parashat V’Zot Haberacha/Bereshit - This Class is Fire","https://www.torahanytime.com/lectures/258783"
"R' Nosson Greenberg","Vzot Habracha 5784 - Chumash Shiur","https://www.torahanytime.com/lectures/258749"
"R' Yosef Shimon Bleier","Parshas V'zos Habracha Revii Till The End With Rashi CHAZAK!","https://www.torahanytime.com/lectures/258724"
"R' Ari Bensoussan","Medrash Hashavuah- Parshat V'Zot Haberacha- 4- Moshe Rabbeinu's Neshamah is Taken From This World","https://www.torahanytime.com/lectures/258693"
"R' Elazar Meisels","The Parshah You Never Knew: The Incredible Backstory to Parshas V'Zos HaBrachah","https://www.torahanytime.com/lectures/258598"
"R' Meir Simcha Sperling","You Can Change Your Whole Life Around With This One Idea","https://www.torahanytime.com/lectures/258574"
"R' Yosef Shimon Bleier","Parshas V'zos Habracha Rishon Till Revii With Rashi","https://www.torahanytime.com/lectures/258505"
"R' Dovid Eisenberg","Nature vs. Nurture : Is it just an excuse?","https://www.torahanytime.com/lectures/258489"
"R' Daniel Belsky","Parashat VeZot HaBeracha 5784: Jewish History - Dark and Light (Kinah 45)","https://www.torahanytime.com/lectures/258344"
"R' Eliyahu Maksumov","Parashat V'Zot Haberacha - Let's Make a Deal","https://www.torahanytime.com/lectures/258182"
"R' Ari Bensoussan","Medrash Hashavuah- Parshat V'Zot Haberachah- 3- Moshe Begs For What We Take For Granted","https://www.torahanytime.com/lectures/257859"
"R' Yitzchok Aryeh Epstein","Parshat V'Zot Haberacha like you have never heard before","https://www.torahanytime.com/lectures/257854"
"R' Ari Bensoussan","Medrash Hashavuah- Parshat V'zot Haberacha- 2- One More Tefillah Can Break The Decree","https://www.torahanytime.com/lectures/257637"
"R' Shlomo Farhi","Post Yom Kippur- Do it NOW","https://www.torahanytime.com/lectures/257627"
"R' Ari Bensoussan","Medrash Hashavuah- Parshat V'zot Haberacha- 1- Moshe's Missed Opportunity of Tefillah","https://www.torahanytime.com/lectures/257569"
"R' Daniel Glatstein","ALL PARSHA - The Ben L'ashri on Parshas V'zos Habracha","https://www.torahanytime.com/lectures/257550"
"R' Zvi Zimmerman","Parashat V'zot Haberacha: Sons, Daughters, and Wealth - Asher's bracha","https://www.torahanytime.com/lectures/257218"
"R' Yehoshua Sova","Zera Shimshon on Parashat V'Zot Haberacha","https://www.torahanytime.com/lectures/256778"
"R' Shmuel Silber","V'Zot Haberacha- Broken Pieces","https://www.torahanytime.com/lectures/208782"
"R' Yehoshua Sova","Rashis of V'Zot Haberacha","https://www.torahanytime.com/lectures/208736"
"R' Yehoshua Sova","V'Zot Haberacha Medrush","https://www.torahanytime.com/lectures/208722"
"R' Daniel Belsky","Parashat V'Zot Haberacha 5783: The King’s Blessing (Tehillim 12)","https://www.torahanytime.com/lectures/208689"
"R' Meir Simcha Sperling","The Key To Becoming The Best You Can Be","https://www.torahanytime.com/lectures/208675"
"R' Moshe Meir Weiss","For the Shabbos Table V'Zot Haberacha 5783","https://www.torahanytime.com/lectures/208632"
"R' Labish Becker","V'Zot Haberacha 5783 - “Thank You for Breaking It”","https://www.torahanytime.com/lectures/208561"
"R' Zvi Zimmerman","Parashat V'Zot Haberacha: Shevet Levi and Family Ties","https://www.torahanytime.com/lectures/208560"
"R' Osher Chaim Levene","Rav Yerucham on V'Zot Haberacha: A Fiery Law for a Fiery Nation","https://www.torahanytime.com/lectures/208423"
"R' Michael Khaimov","Parashat V’Zot Haberacha - The Power Of Blessing Others","https://www.torahanytime.com/lectures/208411"
"R' Yaakov Yosef Reinman","Superhuman Strength","https://www.torahanytime.com/lectures/208217"
"R' Mashiach Kelaty","Parashat V'Zot Haberacha: Across Enemy Lines","https://www.torahanytime.com/lectures/163692"
"R' Binyamin Yuhanan","Parashat V'Zot Haberacha","https://www.torahanytime.com/lectures/163691"
"R' Nosson Greenberg","V'zot Haberacha 5782- Divrei Torah","https://www.torahanytime.com/lectures/163415"
"R' Meir Simcha Sperling","Is It Good That Jews Are So Different?","https://www.torahanytime.com/lectures/163411"
"R' Labish Becker","V'Zot Haberacha 5782 – Choose Life with a Capital L","https://www.torahanytime.com/lectures/163382"
"R' Zvi Zimmerman","Parashat V'zot Haberacha: But Where is Moshe Now?","https://www.torahanytime.com/lectures/163255"
"R' Daniel Glatstein","V'Zot Haberacha : Tears For Yom Kippur, Tears For the End of the Torah","https://www.torahanytime.com/lectures/163012"
"R' Zvi Zimmerman","Parashat V'Zot Haberacha: Will Another Navi Like Moshe Ever Exist?","https://www.torahanytime.com/lectures/126387"
"R' Yosef Chaim Schwab","Gigantic Little Secrets of the Torah: Parashat V'zot Haberacha Part 3","https://www.torahanytime.com/lectures/126354"
"R' Yosef Chaim Schwab","Gigantic Little Secrets of the Torah: Parashat V'zot Haberacha Part 2","https://www.torahanytime.com/lectures/126342"
"R' Uri Lati","V'Zot Haberacha- Partners in Torah and in Life","https://www.torahanytime.com/lectures/126263"
"R' Shais Taub","Parashat V'Zot Haberacha: When Should We Rely on Hashem's Kindness?","https://www.torahanytime.com/lectures/126250"
"R' Yosef Chaim Schwab","Gigantic Little Secrets of the Torah: Parashat V'zot Haberacha","https://www.torahanytime.com/lectures/126205"
"R' Shmuel Silber","Virtual Drasha: A Final Message","https://www.torahanytime.com/lectures/41851"
"R' Daniel Belsky","Parashat V'Zot Haberacha 5780: Understanding The Parasha As Reflected In The Simanim - GE'U'EL Siman, EILAI Siman (41 Pesukim)","https://www.torahanytime.com/lectures/126096"
"R' Yitzchok Sorotzkin","The Weekly Message From the Rosh Yeshiva: V'Zot Haberacha","https://www.torahanytime.com/lectures/125892"
"R' YY Rubinstein","The Alshich on V'zot Haberacha","https://www.torahanytime.com/lectures/125438"
"R' Mashiach Kelaty","Parashat V'Zot Haberacha: The Unburied","https://www.torahanytime.com/lectures/93174"
"R' Zvi Zimmerman","Parashat V'Zot Haberacha: The Last Day of Moshe","https://www.torahanytime.com/lectures/92982"
"R' Mashiach Kelaty","V'Zot Haberacha - Tectonic","https://www.torahanytime.com/lectures/68044"
"R' Nosson Greenberg","V'zot Haberacha","https://www.torahanytime.com/lectures/67931"
"R' Daniel Belsky","Parashat V'Zot Haberacha: The Parasha as it expresses the Mitzvot","https://www.torahanytime.com/lectures/67918"
"R' Yosef Chaim Schwab","Gigantic Little Secrets of the Torah: V'Zot Haberacha","https://www.torahanytime.com/lectures/67910"
"R' Zvi Zimmerman","Parashat V'Zot Haberacha: The ""Gad ""Squad","https://www.torahanytime.com/lectures/67859"
"R' Yosef Greenwald","Parashat V'Zot Heberacha: Does anyone know what's this weeks' Parasha?","https://www.torahanytime.com/lectures/48969"
"R' Zvi Zimmerman","Parashat V'Zot Haberacha: The Elite Eight Pesukim","https://www.torahanytime.com/lectures/48773"
"R' Moshe Tuvia Lieff","Parashat V'Zot Haberacha: Why Does the Torah End With a Bang?","https://www.torahanytime.com/lectures/48544"
"R' Mashiach Kelaty","Parashat V'Zot Haberacha: Living On Borrowed Time","https://www.torahanytime.com/lectures/34552"
"R' Ari Goldwag","Parashat V'Zot Haberacha: Sukkot: Receiving Blessings","https://www.torahanytime.com/lectures/34452"
"R' Mashiach Kelaty","Parashat V'zot Haberacha: The Advocate","https://www.torahanytime.com/lectures/21998"
"R' Yosef Chaim Schwab","Parashat V'zot Haberacha","https://www.torahanytime.com/lectures/13738"
"R' Mashiach Kelaty","Parashat V'Zot Haberacha: The Last Match In The Box","https://www.torahanytime.com/lectures/13537"
"R' Daniel Glatstein","Parashat V'Zot Haberacha: Tears for Yom Kippur - Tears for the End of the Torah","https://www.torahanytime.com/lectures/13398"
"R' Yosef Chaim Schwab","Parashat V'Zot Haberacha","https://www.torahanytime.com/lectures/4351"
"R' Mashiach Kelaty","Parashat V'zot Haberacha: The Advocate","https://www.torahanytime.com/lectures/21998"
"R' Yosef Chaim Schwab","Parashat V'zot Haberacha","https://www.torahanytime.com/lectures/13738"
"R' Mashiach Kelaty","Parashat V'Zot Haberacha: The Last Match In The Box","https://www.torahanytime.com/lectures/13537"
"R' Daniel Glatstein","Parashat V'Zot Haberacha: Tears for Yom Kippur - Tears for the End of the Torah","https://www.torahanytime.com/lectures/13398"
"R' Yosef Chaim Schwab","Parashat V'Zot Haberacha","https://www.torahanytime.com/lectures/4351"
